INSERT INTO users (id, email, full_name)
VALUES
  ('11111111-1111-1111-1111-111111111101', 'alex@example.com', 'Alex Rivera'),
  ('11111111-1111-1111-1111-111111111102', 'sam@example.com', 'Sam Lee'),
  ('11111111-1111-1111-1111-111111111103', 'jordan@example.com', 'Jordan Kim')
ON CONFLICT (email) DO NOTHING;

INSERT INTO products (id, sku, name, price_cents)
VALUES
  ('22222222-2222-2222-2222-222222222201', 'SKU-100', 'Wireless Mouse', 2999),
  ('22222222-2222-2222-2222-222222222202', 'SKU-200', 'USB-C Hub', 4999),
  ('22222222-2222-2222-2222-222222222203', 'SKU-300', 'Mechanical Keyboard', 12999)
ON CONFLICT (sku) DO NOTHING;

INSERT INTO orders (id, user_id, status, total_cents, placed_at)
VALUES
  ('33333333-3333-3333-3333-333333333301', '11111111-1111-1111-1111-111111111101', 'paid', 15998, now() - interval '40 days'),
  ('33333333-3333-3333-3333-333333333302', '11111111-1111-1111-1111-111111111102', 'paid', 12999, now() - interval '12 days'),
  ('33333333-3333-3333-3333-333333333303', '11111111-1111-1111-1111-111111111103', 'shipped', 2999, now() - interval '3 days')
ON CONFLICT (id) DO NOTHING;

INSERT INTO order_items (id, order_id, product_id, quantity, unit_price_cents)
VALUES
  ('44444444-4444-4444-4444-444444444401', '33333333-3333-3333-3333-333333333301', '22222222-2222-2222-2222-222222222201', 2, 2999),
  ('44444444-4444-4444-4444-444444444402', '33333333-3333-3333-3333-333333333301', '22222222-2222-2222-2222-222222222202', 2, 4999),
  ('44444444-4444-4444-4444-444444444403', '33333333-3333-3333-3333-333333333302', '22222222-2222-2222-2222-222222222203', 1, 12999),
  ('44444444-4444-4444-4444-444444444404', '33333333-3333-3333-3333-333333333303', '22222222-2222-2222-2222-222222222201', 1, 2999)
ON CONFLICT (id) DO NOTHING;
